"region","climatology","cmip_model","experiment","metric","RMSE","n"
"North Pacific","1950-2014","ACCESS-CM2","hist_ssp585","bias",1.1329939108363,4191
"Eastern Bering Sea","1950-2014","ACCESS-CM2","hist_ssp585","bias",0.368180882163845,151
"Gulf of Alaska","1950-2014","ACCESS-CM2","hist_ssp585","bias",0.277287802933475,89
"British Columbia Coast","1950-2014","ACCESS-CM2","hist_ssp585","bias",0.290523205610956,29
"Northern California Current","1950-2014","ACCESS-CM2","hist_ssp585","bias",0.290138883273569,23
"Southern California Current","1950-2014","ACCESS-CM2","hist_ssp585","bias",0.589872193872077,25
"North Pacific","1950-2014","ACCESS-ESM1-5","hist_ssp585","bias",1.05940641213627,4191
"Eastern Bering Sea","1950-2014","ACCESS-ESM1-5","hist_ssp585","bias",0.501141790673122,151
"Gulf of Alaska","1950-2014","ACCESS-ESM1-5","hist_ssp585","bias",0.244505139474792,89
"British Columbia Coast","1950-2014","ACCESS-ESM1-5","hist_ssp585","bias",0.384884397996662,29
"Northern California Current","1950-2014","ACCESS-ESM1-5","hist_ssp585","bias",0.208503035886672,23
"Southern California Current","1950-2014","ACCESS-ESM1-5","hist_ssp585","bias",0.402768981547553,25
"North Pacific","1950-2014","BCC-CSM2-MR","hist_ssp585","bias",1.09514551769307,4187
"Eastern Bering Sea","1950-2014","BCC-CSM2-MR","hist_ssp585","bias",0.666591147886809,148
"Gulf of Alaska","1950-2014","BCC-CSM2-MR","hist_ssp585","bias",0.38298152482654,89
"British Columbia Coast","1950-2014","BCC-CSM2-MR","hist_ssp585","bias",0.320005008114554,27
"Northern California Current","1950-2014","BCC-CSM2-MR","hist_ssp585","bias",0.0680541853200784,24
"Southern California Current","1950-2014","BCC-CSM2-MR","hist_ssp585","bias",0.222950175383595,25
"North Pacific","1950-2014","CAMS-CSM1-0","hist_ssp585","bias",1.11888902396552,4186
"Eastern Bering Sea","1950-2014","CAMS-CSM1-0","hist_ssp585","bias",0.591096438787307,151
"Gulf of Alaska","1950-2014","CAMS-CSM1-0","hist_ssp585","bias",0.346398712049072,89
"British Columbia Coast","1950-2014","CAMS-CSM1-0","hist_ssp585","bias",0.340206840041846,28
"Northern California Current","1950-2014","CAMS-CSM1-0","hist_ssp585","bias",0.144917128910432,24
"Southern California Current","1950-2014","CAMS-CSM1-0","hist_ssp585","bias",0.324620892271902,25
"North Pacific","1950-2014","CanESM5-CanOE","hist_ssp585","bias",1.07254865129884,4193
"Eastern Bering Sea","1950-2014","CanESM5-CanOE","hist_ssp585","bias",0.510504901644701,151
"Gulf of Alaska","1950-2014","CanESM5-CanOE","hist_ssp585","bias",0.549743465047634,90
"British Columbia Coast","1950-2014","CanESM5-CanOE","hist_ssp585","bias",0.324662737575986,29
"Northern California Current","1950-2014","CanESM5-CanOE","hist_ssp585","bias",0.245084912619898,24
"Southern California Current","1950-2014","CanESM5-CanOE","hist_ssp585","bias",0.347129567782043,25
"North Pacific","1950-2014","CanESM5","hist_ssp585","bias",1.07358351301256,4193
"Eastern Bering Sea","1950-2014","CanESM5","hist_ssp585","bias",0.47093470551324,151
"Gulf of Alaska","1950-2014","CanESM5","hist_ssp585","bias",0.552646330044485,90
"British Columbia Coast","1950-2014","CanESM5","hist_ssp585","bias",0.297893821823947,29
"Northern California Current","1950-2014","CanESM5","hist_ssp585","bias",0.271878509279171,24
"Southern California Current","1950-2014","CanESM5","hist_ssp585","bias",0.395294762904654,25
"North Pacific","1950-2014","CESM2-WACCM","hist_ssp585","bias",0.851204694179246,4194
"Eastern Bering Sea","1950-2014","CESM2-WACCM","hist_ssp585","bias",0.311820679095192,151
"Gulf of Alaska","1950-2014","CESM2-WACCM","hist_ssp585","bias",0.292896392711769,90
"British Columbia Coast","1950-2014","CESM2-WACCM","hist_ssp585","bias",0.13015769901069,29
"Northern California Current","1950-2014","CESM2-WACCM","hist_ssp585","bias",0.0649319331218048,24
"Southern California Current","1950-2014","CESM2-WACCM","hist_ssp585","bias",0.3564623145089,25
"North Pacific","1950-2014","CESM2","hist_ssp585","bias",0.845637297801077,4194
"Eastern Bering Sea","1950-2014","CESM2","hist_ssp585","bias",0.328641383040035,151
"Gulf of Alaska","1950-2014","CESM2","hist_ssp585","bias",0.308465085820444,90
"British Columbia Coast","1950-2014","CESM2","hist_ssp585","bias",0.131729074850648,29
"Northern California Current","1950-2014","CESM2","hist_ssp585","bias",0.0607641553959033,24
"Southern California Current","1950-2014","CESM2","hist_ssp585","bias",0.352825982210848,25
"North Pacific","1950-2014","CIESM","hist_ssp585","bias",0.889836404987796,4194
"Eastern Bering Sea","1950-2014","CIESM","hist_ssp585","bias",0.2891867762601,151
"Gulf of Alaska","1950-2014","CIESM","hist_ssp585","bias",0.306965307372689,90
"British Columbia Coast","1950-2014","CIESM","hist_ssp585","bias",0.168325595526353,29
"Northern California Current","1950-2014","CIESM","hist_ssp585","bias",0.146592332463407,24
"Southern California Current","1950-2014","CIESM","hist_ssp585","bias",0.362530845858448,25
"North Pacific","1950-2014","CMCC-CM2-SR5","hist_ssp585","bias",0.675644128908633,4141
"Eastern Bering Sea","1950-2014","CMCC-CM2-SR5","hist_ssp585","bias",0.22118567471968,151
"Gulf of Alaska","1950-2014","CMCC-CM2-SR5","hist_ssp585","bias",0.371822470595691,90
"British Columbia Coast","1950-2014","CMCC-CM2-SR5","hist_ssp585","bias",0.12449377878227,29
"Northern California Current","1950-2014","CMCC-CM2-SR5","hist_ssp585","bias",0.197886360309491,24
"Southern California Current","1950-2014","CMCC-CM2-SR5","hist_ssp585","bias",0.420729524115771,25
"North Pacific","1950-2014","CMCC-ESM2","hist_ssp585","bias",0.767276609219298,4141
"Eastern Bering Sea","1950-2014","CMCC-ESM2","hist_ssp585","bias",0.248419436087265,151
"Gulf of Alaska","1950-2014","CMCC-ESM2","hist_ssp585","bias",0.392307791233282,90
"British Columbia Coast","1950-2014","CMCC-ESM2","hist_ssp585","bias",0.126239651880214,29
"Northern California Current","1950-2014","CMCC-ESM2","hist_ssp585","bias",0.17719862613844,24
"Southern California Current","1950-2014","CMCC-ESM2","hist_ssp585","bias",0.438046327604935,25
"North Pacific","1950-2014","CNRM-CM6-1","hist_ssp585","bias",1.16256002447653,4193
"Eastern Bering Sea","1950-2014","CNRM-CM6-1","hist_ssp585","bias",0.302428120379246,151
"Gulf of Alaska","1950-2014","CNRM-CM6-1","hist_ssp585","bias",0.175417074242395,90
"British Columbia Coast","1950-2014","CNRM-CM6-1","hist_ssp585","bias",0.170292050395909,29
"Northern California Current","1950-2014","CNRM-CM6-1","hist_ssp585","bias",0.271875351663466,24
"Southern California Current","1950-2014","CNRM-CM6-1","hist_ssp585","bias",0.340671758476524,25
"North Pacific","1950-2014","EC-Earth3-CC","hist_ssp585","bias",1.34294946776854,4196
"Eastern Bering Sea","1950-2014","EC-Earth3-CC","hist_ssp585","bias",0.37873836047117,151
"Gulf of Alaska","1950-2014","EC-Earth3-CC","hist_ssp585","bias",0.538524079193436,90
"British Columbia Coast","1950-2014","EC-Earth3-CC","hist_ssp585","bias",0.579145466053791,30
"Northern California Current","1950-2014","EC-Earth3-CC","hist_ssp585","bias",0.428417139213939,24
"Southern California Current","1950-2014","EC-Earth3-CC","hist_ssp585","bias",0.745503571177543,25
"North Pacific","1950-2014","GISS-E2-1-G","hist_ssp585","bias",0.956011192341443,4196
"Eastern Bering Sea","1950-2014","GISS-E2-1-G","hist_ssp585","bias",0.64289955388385,151
"Gulf of Alaska","1950-2014","GISS-E2-1-G","hist_ssp585","bias",0.231612059033221,90
"British Columbia Coast","1950-2014","GISS-E2-1-G","hist_ssp585","bias",0.171382252484279,30
"Northern California Current","1950-2014","GISS-E2-1-G","hist_ssp585","bias",0.129993148126016,24
"Southern California Current","1950-2014","GISS-E2-1-G","hist_ssp585","bias",0.350532491739927,25
"North Pacific","1950-2014","HadGEM3-GC31-LL","hist_ssp585","bias",0.76561305503061,4193
"Eastern Bering Sea","1950-2014","HadGEM3-GC31-LL","hist_ssp585","bias",0.246611847957803,151
"Gulf of Alaska","1950-2014","HadGEM3-GC31-LL","hist_ssp585","bias",0.245073935478595,90
"British Columbia Coast","1950-2014","HadGEM3-GC31-LL","hist_ssp585","bias",0.200261057254875,29
"Northern California Current","1950-2014","HadGEM3-GC31-LL","hist_ssp585","bias",0.365303187843905,24
"Southern California Current","1950-2014","HadGEM3-GC31-LL","hist_ssp585","bias",0.587551867890425,25
"North Pacific","1950-2014","HadGEM3-GC31-MM","hist_ssp585","bias",0.928809309753602,4194
"Eastern Bering Sea","1950-2014","HadGEM3-GC31-MM","hist_ssp585","bias",0.250965851263081,150
"Gulf of Alaska","1950-2014","HadGEM3-GC31-MM","hist_ssp585","bias",0.237426167707908,90
"British Columbia Coast","1950-2014","HadGEM3-GC31-MM","hist_ssp585","bias",0.241312527930999,30
"Northern California Current","1950-2014","HadGEM3-GC31-MM","hist_ssp585","bias",0.361309570026296,24
"Southern California Current","1950-2014","HadGEM3-GC31-MM","hist_ssp585","bias",0.362624375124312,25
"North Pacific","1950-2014","INM-CM4-8","hist_ssp585","bias",1.51132521599916,4177
"Eastern Bering Sea","1950-2014","INM-CM4-8","hist_ssp585","bias",0.56540003263563,151
"Gulf of Alaska","1950-2014","INM-CM4-8","hist_ssp585","bias",0.352096563205437,89
"British Columbia Coast","1950-2014","INM-CM4-8","hist_ssp585","bias",0.261449901239788,29
"Northern California Current","1950-2014","INM-CM4-8","hist_ssp585","bias",0.401063331563784,21
"Southern California Current","1950-2014","INM-CM4-8","hist_ssp585","bias",0.479068225686808,24
"North Pacific","1950-2014","INM-CM5-0","hist_ssp585","bias",1.14793743533496,4182
"Eastern Bering Sea","1950-2014","INM-CM5-0","hist_ssp585","bias",0.441516742897461,151
"Gulf of Alaska","1950-2014","INM-CM5-0","hist_ssp585","bias",0.494031529675662,89
"British Columbia Coast","1950-2014","INM-CM5-0","hist_ssp585","bias",0.27376489149282,28
"Northern California Current","1950-2014","INM-CM5-0","hist_ssp585","bias",0.266203241448981,22
"Southern California Current","1950-2014","INM-CM5-0","hist_ssp585","bias",0.527888020331902,25
"North Pacific","1950-2014","MIROC-ES2L","hist_ssp585","bias",1.5956272571454,4146
"Eastern Bering Sea","1950-2014","MIROC-ES2L","hist_ssp585","bias",0.417023381670327,149
"Gulf of Alaska","1950-2014","MIROC-ES2L","hist_ssp585","bias",0.527143944767083,86
"British Columbia Coast","1950-2014","MIROC-ES2L","hist_ssp585","bias",0.213255356896038,23
"Northern California Current","1950-2014","MIROC-ES2L","hist_ssp585","bias",0.149815278272397,23
"Southern California Current","1950-2014","MIROC-ES2L","hist_ssp585","bias",0.257502666827862,25
"North Pacific","1950-2014","MIROC6","hist_ssp585","bias",1.27990352962154,4146
"Eastern Bering Sea","1950-2014","MIROC6","hist_ssp585","bias",0.27334096942596,149
"Gulf of Alaska","1950-2014","MIROC6","hist_ssp585","bias",0.440924903778581,86
"British Columbia Coast","1950-2014","MIROC6","hist_ssp585","bias",0.110824824516617,23
"Northern California Current","1950-2014","MIROC6","hist_ssp585","bias",0.321698069398494,23
"Southern California Current","1950-2014","MIROC6","hist_ssp585","bias",0.533535294808593,25
"North Pacific","1950-2014","NorESM2-LM","hist_ssp585","bias",1.18600755392178,4193
"Eastern Bering Sea","1950-2014","NorESM2-LM","hist_ssp585","bias",0.249574057239516,151
"Gulf of Alaska","1950-2014","NorESM2-LM","hist_ssp585","bias",0.472460393647924,90
"British Columbia Coast","1950-2014","NorESM2-LM","hist_ssp585","bias",0.234858467622167,29
"Northern California Current","1950-2014","NorESM2-LM","hist_ssp585","bias",0.168770563779713,24
"Southern California Current","1950-2014","NorESM2-LM","hist_ssp585","bias",0.468177030381619,25
"North Pacific","1950-2014","NorESM2-MM","hist_ssp585","bias",1.04479098996618,4193
"Eastern Bering Sea","1950-2014","NorESM2-MM","hist_ssp585","bias",0.243798496470455,151
"Gulf of Alaska","1950-2014","NorESM2-MM","hist_ssp585","bias",0.351084031071732,90
"British Columbia Coast","1950-2014","NorESM2-MM","hist_ssp585","bias",0.235386668571078,29
"Northern California Current","1950-2014","NorESM2-MM","hist_ssp585","bias",0.128821896191827,24
"Southern California Current","1950-2014","NorESM2-MM","hist_ssp585","bias",0.441841628540425,25
"North Pacific","1950-2014","UKESM1-0-LL","hist_ssp585","bias",0.772770141939187,4193
"Eastern Bering Sea","1950-2014","UKESM1-0-LL","hist_ssp585","bias",0.285012161816907,151
"Gulf of Alaska","1950-2014","UKESM1-0-LL","hist_ssp585","bias",0.233437287552804,90
"British Columbia Coast","1950-2014","UKESM1-0-LL","hist_ssp585","bias",0.211904838508235,29
"Northern California Current","1950-2014","UKESM1-0-LL","hist_ssp585","bias",0.37819432659505,24
"Southern California Current","1950-2014","UKESM1-0-LL","hist_ssp585","bias",0.596541211298844,25
"North Pacific","1950-2014","ACCESS-CM2","hist_ssp585","SD",0.097578416568967,4191
"Eastern Bering Sea","1950-2014","ACCESS-CM2","hist_ssp585","SD",0.0575461706649147,151
"Gulf of Alaska","1950-2014","ACCESS-CM2","hist_ssp585","SD",0.0190404669532127,89
"British Columbia Coast","1950-2014","ACCESS-CM2","hist_ssp585","SD",0.00804332854603271,29
"Northern California Current","1950-2014","ACCESS-CM2","hist_ssp585","SD",0.00867322431521441,23
"Southern California Current","1950-2014","ACCESS-CM2","hist_ssp585","SD",0.0250265125337845,25
"North Pacific","1950-2014","ACCESS-ESM1-5","hist_ssp585","SD",0.0953811975415972,4191
"Eastern Bering Sea","1950-2014","ACCESS-ESM1-5","hist_ssp585","SD",0.0574174972772922,151
"Gulf of Alaska","1950-2014","ACCESS-ESM1-5","hist_ssp585","SD",0.0187644054878373,89
"British Columbia Coast","1950-2014","ACCESS-ESM1-5","hist_ssp585","SD",0.0103915506628761,29
"Northern California Current","1950-2014","ACCESS-ESM1-5","hist_ssp585","SD",0.00476940471703785,23
"Southern California Current","1950-2014","ACCESS-ESM1-5","hist_ssp585","SD",0.0187366306648165,25
"North Pacific","1950-2014","BCC-CSM2-MR","hist_ssp585","SD",0.0923196956701998,4187
"Eastern Bering Sea","1950-2014","BCC-CSM2-MR","hist_ssp585","SD",0.0931837958846766,148
"Gulf of Alaska","1950-2014","BCC-CSM2-MR","hist_ssp585","SD",0.0192566737478533,89
"British Columbia Coast","1950-2014","BCC-CSM2-MR","hist_ssp585","SD",0.00938410065737528,27
"Northern California Current","1950-2014","BCC-CSM2-MR","hist_ssp585","SD",0.00841647234159426,24
"Southern California Current","1950-2014","BCC-CSM2-MR","hist_ssp585","SD",0.025750837270162,25
"North Pacific","1950-2014","CAMS-CSM1-0","hist_ssp585","SD",0.099895282718002,4186
"Eastern Bering Sea","1950-2014","CAMS-CSM1-0","hist_ssp585","SD",0.109359919297283,151
"Gulf of Alaska","1950-2014","CAMS-CSM1-0","hist_ssp585","SD",0.0193091012475087,89
"British Columbia Coast","1950-2014","CAMS-CSM1-0","hist_ssp585","SD",0.0100247347530739,28
"Northern California Current","1950-2014","CAMS-CSM1-0","hist_ssp585","SD",0.00428142350626276,24
"Southern California Current","1950-2014","CAMS-CSM1-0","hist_ssp585","SD",0.0265342000833302,25
"North Pacific","1950-2014","CanESM5-CanOE","hist_ssp585","SD",0.0943940554589197,4193
"Eastern Bering Sea","1950-2014","CanESM5-CanOE","hist_ssp585","SD",0.0632581657657342,151
"Gulf of Alaska","1950-2014","CanESM5-CanOE","hist_ssp585","SD",0.0192466151942847,90
"British Columbia Coast","1950-2014","CanESM5-CanOE","hist_ssp585","SD",0.00937730350189243,29
"Northern California Current","1950-2014","CanESM5-CanOE","hist_ssp585","SD",0.00709198883461991,24
"Southern California Current","1950-2014","CanESM5-CanOE","hist_ssp585","SD",0.0213929256033016,25
"North Pacific","1950-2014","CanESM5","hist_ssp585","SD",0.095003550734161,4193
"Eastern Bering Sea","1950-2014","CanESM5","hist_ssp585","SD",0.070623982543115,151
"Gulf of Alaska","1950-2014","CanESM5","hist_ssp585","SD",0.0194443873932075,90
"British Columbia Coast","1950-2014","CanESM5","hist_ssp585","SD",0.0103165586793524,29
"Northern California Current","1950-2014","CanESM5","hist_ssp585","SD",0.00843174760255118,24
"Southern California Current","1950-2014","CanESM5","hist_ssp585","SD",0.0136187958698397,25
"North Pacific","1950-2014","CESM2-WACCM","hist_ssp585","SD",0.0956536536848043,4194
"Eastern Bering Sea","1950-2014","CESM2-WACCM","hist_ssp585","SD",0.0429193172915559,151
"Gulf of Alaska","1950-2014","CESM2-WACCM","hist_ssp585","SD",0.0185893479578323,90
"British Columbia Coast","1950-2014","CESM2-WACCM","hist_ssp585","SD",0.00984434933843179,29
"Northern California Current","1950-2014","CESM2-WACCM","hist_ssp585","SD",0.00892702737980972,24
"Southern California Current","1950-2014","CESM2-WACCM","hist_ssp585","SD",0.0247155979786321,25
"North Pacific","1950-2014","CESM2","hist_ssp585","SD",0.0942647173549329,4194
"Eastern Bering Sea","1950-2014","CESM2","hist_ssp585","SD",0.042216583380227,151
"Gulf of Alaska","1950-2014","CESM2","hist_ssp585","SD",0.0186883505949247,90
"British Columbia Coast","1950-2014","CESM2","hist_ssp585","SD",0.0102396623260911,29
"Northern California Current","1950-2014","CESM2","hist_ssp585","SD",0.00731300446589525,24
"Southern California Current","1950-2014","CESM2","hist_ssp585","SD",0.0275224156502133,25
"North Pacific","1950-2014","CIESM","hist_ssp585","SD",0.089296068283369,4194
"Eastern Bering Sea","1950-2014","CIESM","hist_ssp585","SD",0.0662250199235234,151
"Gulf of Alaska","1950-2014","CIESM","hist_ssp585","SD",0.0176957422509353,90
"British Columbia Coast","1950-2014","CIESM","hist_ssp585","SD",0.00923770460490043,29
"Northern California Current","1950-2014","CIESM","hist_ssp585","SD",0.00764647506972908,24
"Southern California Current","1950-2014","CIESM","hist_ssp585","SD",0.0111041529267105,25
"North Pacific","1950-2014","CMCC-CM2-SR5","hist_ssp585","SD",0.0850155369696376,4141
"Eastern Bering Sea","1950-2014","CMCC-CM2-SR5","hist_ssp585","SD",0.058755827130099,151
"Gulf of Alaska","1950-2014","CMCC-CM2-SR5","hist_ssp585","SD",0.0182657107905193,90
"British Columbia Coast","1950-2014","CMCC-CM2-SR5","hist_ssp585","SD",0.0100720682382378,29
"Northern California Current","1950-2014","CMCC-CM2-SR5","hist_ssp585","SD",0.00774513613462625,24
"Southern California Current","1950-2014","CMCC-CM2-SR5","hist_ssp585","SD",0.00979202528852245,25
"North Pacific","1950-2014","CMCC-ESM2","hist_ssp585","SD",0.0784842067565345,4141
"Eastern Bering Sea","1950-2014","CMCC-ESM2","hist_ssp585","SD",0.0637866541573557,151
"Gulf of Alaska","1950-2014","CMCC-ESM2","hist_ssp585","SD",0.0186853473593072,90
"British Columbia Coast","1950-2014","CMCC-ESM2","hist_ssp585","SD",0.0103257663943977,29
"Northern California Current","1950-2014","CMCC-ESM2","hist_ssp585","SD",0.00692589193953343,24
"Southern California Current","1950-2014","CMCC-ESM2","hist_ssp585","SD",0.00964936792889928,25
"North Pacific","1950-2014","CNRM-CM6-1","hist_ssp585","SD",0.0845525488507056,4193
"Eastern Bering Sea","1950-2014","CNRM-CM6-1","hist_ssp585","SD",0.0768573772588499,151
"Gulf of Alaska","1950-2014","CNRM-CM6-1","hist_ssp585","SD",0.0194816110352071,90
"British Columbia Coast","1950-2014","CNRM-CM6-1","hist_ssp585","SD",0.0086281528285308,29
"Northern California Current","1950-2014","CNRM-CM6-1","hist_ssp585","SD",0.00808120581028156,24
"Southern California Current","1950-2014","CNRM-CM6-1","hist_ssp585","SD",0.0180837805153856,25
"North Pacific","1950-2014","EC-Earth3-CC","hist_ssp585","SD",0.0890989712468665,4196
"Eastern Bering Sea","1950-2014","EC-Earth3-CC","hist_ssp585","SD",0.076577765912433,151
"Gulf of Alaska","1950-2014","EC-Earth3-CC","hist_ssp585","SD",0.0195205918612319,90
"British Columbia Coast","1950-2014","EC-Earth3-CC","hist_ssp585","SD",0.00986710849485723,30
"Northern California Current","1950-2014","EC-Earth3-CC","hist_ssp585","SD",0.00850594371118569,24
"Southern California Current","1950-2014","EC-Earth3-CC","hist_ssp585","SD",0.026832989492368,25
"North Pacific","1950-2014","GISS-E2-1-G","hist_ssp585","SD",0.0997889945518432,4196
"Eastern Bering Sea","1950-2014","GISS-E2-1-G","hist_ssp585","SD",0.107551132021649,151
"Gulf of Alaska","1950-2014","GISS-E2-1-G","hist_ssp585","SD",0.0139295917300737,90
"British Columbia Coast","1950-2014","GISS-E2-1-G","hist_ssp585","SD",0.0111184830022757,30
"Northern California Current","1950-2014","GISS-E2-1-G","hist_ssp585","SD",0.00695027222815521,24
"Southern California Current","1950-2014","GISS-E2-1-G","hist_ssp585","SD",0.0179054219316141,25
"North Pacific","1950-2014","HadGEM3-GC31-LL","hist_ssp585","SD",0.0949891765608314,4193
"Eastern Bering Sea","1950-2014","HadGEM3-GC31-LL","hist_ssp585","SD",0.0716891387041148,151
"Gulf of Alaska","1950-2014","HadGEM3-GC31-LL","hist_ssp585","SD",0.0190796916928643,90
"British Columbia Coast","1950-2014","HadGEM3-GC31-LL","hist_ssp585","SD",0.0100022032318715,29
"Northern California Current","1950-2014","HadGEM3-GC31-LL","hist_ssp585","SD",0.00888148681151675,24
"Southern California Current","1950-2014","HadGEM3-GC31-LL","hist_ssp585","SD",0.02774500617543,25
"North Pacific","1950-2014","HadGEM3-GC31-MM","hist_ssp585","SD",0.092058740500799,4194
"Eastern Bering Sea","1950-2014","HadGEM3-GC31-MM","hist_ssp585","SD",0.0580432003483472,150
"Gulf of Alaska","1950-2014","HadGEM3-GC31-MM","hist_ssp585","SD",0.0192329743411669,90
"British Columbia Coast","1950-2014","HadGEM3-GC31-MM","hist_ssp585","SD",0.0102361872171771,30
"Northern California Current","1950-2014","HadGEM3-GC31-MM","hist_ssp585","SD",0.00748073453292612,24
"Southern California Current","1950-2014","HadGEM3-GC31-MM","hist_ssp585","SD",0.0258908949798966,25
"North Pacific","1950-2014","INM-CM4-8","hist_ssp585","SD",0.099465257577556,4177
"Eastern Bering Sea","1950-2014","INM-CM4-8","hist_ssp585","SD",0.109069762148275,151
"Gulf of Alaska","1950-2014","INM-CM4-8","hist_ssp585","SD",0.0177372291601938,89
"British Columbia Coast","1950-2014","INM-CM4-8","hist_ssp585","SD",0.0100928518218844,29
"Northern California Current","1950-2014","INM-CM4-8","hist_ssp585","SD",0.00652277970294737,21
"Southern California Current","1950-2014","INM-CM4-8","hist_ssp585","SD",0.0276982055048351,24
"North Pacific","1950-2014","INM-CM5-0","hist_ssp585","SD",0.0959287075822055,4182
"Eastern Bering Sea","1950-2014","INM-CM5-0","hist_ssp585","SD",0.0999522069638317,151
"Gulf of Alaska","1950-2014","INM-CM5-0","hist_ssp585","SD",0.0166440181565648,89
"British Columbia Coast","1950-2014","INM-CM5-0","hist_ssp585","SD",0.00979857715465619,28
"Northern California Current","1950-2014","INM-CM5-0","hist_ssp585","SD",0.00900941636893621,22
"Southern California Current","1950-2014","INM-CM5-0","hist_ssp585","SD",0.0194595191905482,25
"North Pacific","1950-2014","MIROC-ES2L","hist_ssp585","SD",0.0832913596501465,4146
"Eastern Bering Sea","1950-2014","MIROC-ES2L","hist_ssp585","SD",0.099645089805819,149
"Gulf of Alaska","1950-2014","MIROC-ES2L","hist_ssp585","SD",0.0176636669814746,86
"British Columbia Coast","1950-2014","MIROC-ES2L","hist_ssp585","SD",0.01009725723818,23
"Northern California Current","1950-2014","MIROC-ES2L","hist_ssp585","SD",0.00905221869441477,23
"Southern California Current","1950-2014","MIROC-ES2L","hist_ssp585","SD",0.0258353041924686,25
"North Pacific","1950-2014","MIROC6","hist_ssp585","SD",0.0760689455131788,4146
"Eastern Bering Sea","1950-2014","MIROC6","hist_ssp585","SD",0.0452516229388016,149
"Gulf of Alaska","1950-2014","MIROC6","hist_ssp585","SD",0.017730285605095,86
"British Columbia Coast","1950-2014","MIROC6","hist_ssp585","SD",0.00971388391619467,23
"Northern California Current","1950-2014","MIROC6","hist_ssp585","SD",0.00899545219832895,23
"Southern California Current","1950-2014","MIROC6","hist_ssp585","SD",0.0126866395611386,25
"North Pacific","1950-2014","NorESM2-LM","hist_ssp585","SD",0.0962905660380065,4193
"Eastern Bering Sea","1950-2014","NorESM2-LM","hist_ssp585","SD",0.0508786225112011,151
"Gulf of Alaska","1950-2014","NorESM2-LM","hist_ssp585","SD",0.0141904358626808,90
"British Columbia Coast","1950-2014","NorESM2-LM","hist_ssp585","SD",0.00931812756874834,29
"Northern California Current","1950-2014","NorESM2-LM","hist_ssp585","SD",0.00803043789745236,24
"Southern California Current","1950-2014","NorESM2-LM","hist_ssp585","SD",0.0276243592617434,25
"North Pacific","1950-2014","NorESM2-MM","hist_ssp585","SD",0.085716977164348,4193
"Eastern Bering Sea","1950-2014","NorESM2-MM","hist_ssp585","SD",0.062404675841938,151
"Gulf of Alaska","1950-2014","NorESM2-MM","hist_ssp585","SD",0.0177916614171417,90
"British Columbia Coast","1950-2014","NorESM2-MM","hist_ssp585","SD",0.00833047449207953,29
"Northern California Current","1950-2014","NorESM2-MM","hist_ssp585","SD",0.0071812672464779,24
"Southern California Current","1950-2014","NorESM2-MM","hist_ssp585","SD",0.0109253890934653,25
"North Pacific","1950-2014","UKESM1-0-LL","hist_ssp585","SD",0.0899863412186052,4193
"Eastern Bering Sea","1950-2014","UKESM1-0-LL","hist_ssp585","SD",0.070555870436337,151
"Gulf of Alaska","1950-2014","UKESM1-0-LL","hist_ssp585","SD",0.0193298356362057,90
"British Columbia Coast","1950-2014","UKESM1-0-LL","hist_ssp585","SD",0.0104407919955037,29
"Northern California Current","1950-2014","UKESM1-0-LL","hist_ssp585","SD",0.00847474399276902,24
"Southern California Current","1950-2014","UKESM1-0-LL","hist_ssp585","SD",0.0276062151422306,25
"North Pacific","1950-2014","ACCESS-CM2","hist_ssp585","AR(1)",0.114917466719591,4191
"Eastern Bering Sea","1950-2014","ACCESS-CM2","hist_ssp585","AR(1)",0.0501840626329983,151
"Gulf of Alaska","1950-2014","ACCESS-CM2","hist_ssp585","AR(1)",0.0450867526226271,89
"British Columbia Coast","1950-2014","ACCESS-CM2","hist_ssp585","AR(1)",0.0127840158168486,29
"Northern California Current","1950-2014","ACCESS-CM2","hist_ssp585","AR(1)",0.0138285250256742,23
"Southern California Current","1950-2014","ACCESS-CM2","hist_ssp585","AR(1)",0.0152419726960504,25
"North Pacific","1950-2014","ACCESS-ESM1-5","hist_ssp585","AR(1)",0.119315650855842,4191
"Eastern Bering Sea","1950-2014","ACCESS-ESM1-5","hist_ssp585","AR(1)",0.0500671772724306,151
"Gulf of Alaska","1950-2014","ACCESS-ESM1-5","hist_ssp585","AR(1)",0.0409775654456223,89
"British Columbia Coast","1950-2014","ACCESS-ESM1-5","hist_ssp585","AR(1)",0.00750561681485219,29
"Northern California Current","1950-2014","ACCESS-ESM1-5","hist_ssp585","AR(1)",0.0212212419219815,23
"Southern California Current","1950-2014","ACCESS-ESM1-5","hist_ssp585","AR(1)",0.0164381251196366,25
"North Pacific","1950-2014","BCC-CSM2-MR","hist_ssp585","AR(1)",0.108650132320052,4187
"Eastern Bering Sea","1950-2014","BCC-CSM2-MR","hist_ssp585","AR(1)",0.0518036145561274,148
"Gulf of Alaska","1950-2014","BCC-CSM2-MR","hist_ssp585","AR(1)",0.0427612286490605,89
"British Columbia Coast","1950-2014","BCC-CSM2-MR","hist_ssp585","AR(1)",0.00768421908538595,27
"Northern California Current","1950-2014","BCC-CSM2-MR","hist_ssp585","AR(1)",0.0248199668978049,24
"Southern California Current","1950-2014","BCC-CSM2-MR","hist_ssp585","AR(1)",0.0318457196591554,25
"North Pacific","1950-2014","CAMS-CSM1-0","hist_ssp585","AR(1)",0.11998559836733,4186
"Eastern Bering Sea","1950-2014","CAMS-CSM1-0","hist_ssp585","AR(1)",0.0513511887127145,151
"Gulf of Alaska","1950-2014","CAMS-CSM1-0","hist_ssp585","AR(1)",0.0426005390463802,89
"British Columbia Coast","1950-2014","CAMS-CSM1-0","hist_ssp585","AR(1)",0.0147507538656237,28
"Northern California Current","1950-2014","CAMS-CSM1-0","hist_ssp585","AR(1)",0.0230324538237611,24
"Southern California Current","1950-2014","CAMS-CSM1-0","hist_ssp585","AR(1)",0.0319089810964505,25
"North Pacific","1950-2014","CanESM5-CanOE","hist_ssp585","AR(1)",0.120219739682427,4193
"Eastern Bering Sea","1950-2014","CanESM5-CanOE","hist_ssp585","AR(1)",0.0515046277660668,151
"Gulf of Alaska","1950-2014","CanESM5-CanOE","hist_ssp585","AR(1)",0.0426827903231182,90
"British Columbia Coast","1950-2014","CanESM5-CanOE","hist_ssp585","AR(1)",0.0147257149378391,29
"Northern California Current","1950-2014","CanESM5-CanOE","hist_ssp585","AR(1)",0.0145045512878475,24
"Southern California Current","1950-2014","CanESM5-CanOE","hist_ssp585","AR(1)",0.0213684967157375,25
"North Pacific","1950-2014","CanESM5","hist_ssp585","AR(1)",0.120295880217016,4193
"Eastern Bering Sea","1950-2014","CanESM5","hist_ssp585","AR(1)",0.046233279580471,151
"Gulf of Alaska","1950-2014","CanESM5","hist_ssp585","AR(1)",0.0443201040547845,90
"British Columbia Coast","1950-2014","CanESM5","hist_ssp585","AR(1)",0.00984933207213154,29
"Northern California Current","1950-2014","CanESM5","hist_ssp585","AR(1)",0.0160950332758141,24
"Southern California Current","1950-2014","CanESM5","hist_ssp585","AR(1)",0.0318574491730515,25
"North Pacific","1950-2014","CESM2-WACCM","hist_ssp585","AR(1)",0.122148175288412,4194
"Eastern Bering Sea","1950-2014","CESM2-WACCM","hist_ssp585","AR(1)",0.0487316804222965,151
"Gulf of Alaska","1950-2014","CESM2-WACCM","hist_ssp585","AR(1)",0.0366720266799852,90
"British Columbia Coast","1950-2014","CESM2-WACCM","hist_ssp585","AR(1)",0.0150324555413266,29
"Northern California Current","1950-2014","CESM2-WACCM","hist_ssp585","AR(1)",0.0189790161920149,24
"Southern California Current","1950-2014","CESM2-WACCM","hist_ssp585","AR(1)",0.0134998278683523,25
"North Pacific","1950-2014","CESM2","hist_ssp585","AR(1)",0.12046575981579,4194
"Eastern Bering Sea","1950-2014","CESM2","hist_ssp585","AR(1)",0.0499773832921145,151
"Gulf of Alaska","1950-2014","CESM2","hist_ssp585","AR(1)",0.0396413894513414,90
"British Columbia Coast","1950-2014","CESM2","hist_ssp585","AR(1)",0.0148116796498489,29
"Northern California Current","1950-2014","CESM2","hist_ssp585","AR(1)",0.015533983278548,24
"Southern California Current","1950-2014","CESM2","hist_ssp585","AR(1)",0.0113931906141179,25
"North Pacific","1950-2014","CIESM","hist_ssp585","AR(1)",0.121042589223195,4194
"Eastern Bering Sea","1950-2014","CIESM","hist_ssp585","AR(1)",0.0512635852978535,151
"Gulf of Alaska","1950-2014","CIESM","hist_ssp585","AR(1)",0.0451703369442444,90
"British Columbia Coast","1950-2014","CIESM","hist_ssp585","AR(1)",0.0049540708685555,29
"Northern California Current","1950-2014","CIESM","hist_ssp585","AR(1)",0.021296346142415,24
"Southern California Current","1950-2014","CIESM","hist_ssp585","AR(1)",0.0211800092521324,25
"North Pacific","1950-2014","CMCC-CM2-SR5","hist_ssp585","AR(1)",0.122879802407074,4141
"Eastern Bering Sea","1950-2014","CMCC-CM2-SR5","hist_ssp585","AR(1)",0.0503196813761107,151
"Gulf of Alaska","1950-2014","CMCC-CM2-SR5","hist_ssp585","AR(1)",0.0369778136010063,90
"British Columbia Coast","1950-2014","CMCC-CM2-SR5","hist_ssp585","AR(1)",0.0131657878501801,29
"Northern California Current","1950-2014","CMCC-CM2-SR5","hist_ssp585","AR(1)",0.0187311350077917,24
"Southern California Current","1950-2014","CMCC-CM2-SR5","hist_ssp585","AR(1)",0.0276111475489105,25
"North Pacific","1950-2014","CMCC-ESM2","hist_ssp585","AR(1)",0.120401485678324,4141
"Eastern Bering Sea","1950-2014","CMCC-ESM2","hist_ssp585","AR(1)",0.049270610045376,151
"Gulf of Alaska","1950-2014","CMCC-ESM2","hist_ssp585","AR(1)",0.0395509408504294,90
"British Columbia Coast","1950-2014","CMCC-ESM2","hist_ssp585","AR(1)",0.0139384164418515,29
"Northern California Current","1950-2014","CMCC-ESM2","hist_ssp585","AR(1)",0.0248193684715763,24
"Southern California Current","1950-2014","CMCC-ESM2","hist_ssp585","AR(1)",0.0288587805965401,25
"North Pacific","1950-2014","CNRM-CM6-1","hist_ssp585","AR(1)",0.122216689822071,4193
"Eastern Bering Sea","1950-2014","CNRM-CM6-1","hist_ssp585","AR(1)",0.051308481411441,151
"Gulf of Alaska","1950-2014","CNRM-CM6-1","hist_ssp585","AR(1)",0.0253826492389212,90
"British Columbia Coast","1950-2014","CNRM-CM6-1","hist_ssp585","AR(1)",0.0143272181831665,29
"Northern California Current","1950-2014","CNRM-CM6-1","hist_ssp585","AR(1)",0.0125360901637775,24
"Southern California Current","1950-2014","CNRM-CM6-1","hist_ssp585","AR(1)",0.0166075587909201,25
"North Pacific","1950-2014","EC-Earth3-CC","hist_ssp585","AR(1)",0.12243302558417,4196
"Eastern Bering Sea","1950-2014","EC-Earth3-CC","hist_ssp585","AR(1)",0.0488953468865699,151
"Gulf of Alaska","1950-2014","EC-Earth3-CC","hist_ssp585","AR(1)",0.0425254355256488,90
"British Columbia Coast","1950-2014","EC-Earth3-CC","hist_ssp585","AR(1)",0.0150713295878882,30
"Northern California Current","1950-2014","EC-Earth3-CC","hist_ssp585","AR(1)",0.0247704290710046,24
"Southern California Current","1950-2014","EC-Earth3-CC","hist_ssp585","AR(1)",0.016734419039654,25
"North Pacific","1950-2014","GISS-E2-1-G","hist_ssp585","AR(1)",0.119567321859698,4196
"Eastern Bering Sea","1950-2014","GISS-E2-1-G","hist_ssp585","AR(1)",0.0485145888397537,151
"Gulf of Alaska","1950-2014","GISS-E2-1-G","hist_ssp585","AR(1)",0.0449634130636315,90
"British Columbia Coast","1950-2014","GISS-E2-1-G","hist_ssp585","AR(1)",0.00687608094513046,30
"Northern California Current","1950-2014","GISS-E2-1-G","hist_ssp585","AR(1)",0.0245175813479585,24
"Southern California Current","1950-2014","GISS-E2-1-G","hist_ssp585","AR(1)",0.0286724134812807,25
"North Pacific","1950-2014","HadGEM3-GC31-LL","hist_ssp585","AR(1)",0.121025226468042,4193
"Eastern Bering Sea","1950-2014","HadGEM3-GC31-LL","hist_ssp585","AR(1)",0.0517560157779089,151
"Gulf of Alaska","1950-2014","HadGEM3-GC31-LL","hist_ssp585","AR(1)",0.0416763916091881,90
"British Columbia Coast","1950-2014","HadGEM3-GC31-LL","hist_ssp585","AR(1)",0.0103309601996834,29
"Northern California Current","1950-2014","HadGEM3-GC31-LL","hist_ssp585","AR(1)",0.0202382962600931,24
"Southern California Current","1950-2014","HadGEM3-GC31-LL","hist_ssp585","AR(1)",0.0226242637486521,25
"North Pacific","1950-2014","HadGEM3-GC31-MM","hist_ssp585","AR(1)",0.121162746698649,4194
"Eastern Bering Sea","1950-2014","HadGEM3-GC31-MM","hist_ssp585","AR(1)",0.0517732726502861,150
"Gulf of Alaska","1950-2014","HadGEM3-GC31-MM","hist_ssp585","AR(1)",0.0459106297527821,90
"British Columbia Coast","1950-2014","HadGEM3-GC31-MM","hist_ssp585","AR(1)",0.0149828216825509,30
"Northern California Current","1950-2014","HadGEM3-GC31-MM","hist_ssp585","AR(1)",0.0251063092366771,24
"Southern California Current","1950-2014","HadGEM3-GC31-MM","hist_ssp585","AR(1)",0.0246386632635828,25
"North Pacific","1950-2014","INM-CM4-8","hist_ssp585","AR(1)",0.120276469477641,4177
"Eastern Bering Sea","1950-2014","INM-CM4-8","hist_ssp585","AR(1)",0.0518975339460122,151
"Gulf of Alaska","1950-2014","INM-CM4-8","hist_ssp585","AR(1)",0.0463125625327296,89
"British Columbia Coast","1950-2014","INM-CM4-8","hist_ssp585","AR(1)",0.0151189037064668,29
"Northern California Current","1950-2014","INM-CM4-8","hist_ssp585","AR(1)",0.0252692138226818,21
"Southern California Current","1950-2014","INM-CM4-8","hist_ssp585","AR(1)",0.0223462903810903,24
"North Pacific","1950-2014","INM-CM5-0","hist_ssp585","AR(1)",0.110185994615228,4182
"Eastern Bering Sea","1950-2014","INM-CM5-0","hist_ssp585","AR(1)",0.0442779221618712,151
"Gulf of Alaska","1950-2014","INM-CM5-0","hist_ssp585","AR(1)",0.0434927934645428,89
"British Columbia Coast","1950-2014","INM-CM5-0","hist_ssp585","AR(1)",0.0149442696881535,28
"Northern California Current","1950-2014","INM-CM5-0","hist_ssp585","AR(1)",0.0229328427807428,22
"Southern California Current","1950-2014","INM-CM5-0","hist_ssp585","AR(1)",0.0315921270028959,25
"North Pacific","1950-2014","MIROC-ES2L","hist_ssp585","AR(1)",0.12280248205047,4146
"Eastern Bering Sea","1950-2014","MIROC-ES2L","hist_ssp585","AR(1)",0.0471986130234,149
"Gulf of Alaska","1950-2014","MIROC-ES2L","hist_ssp585","AR(1)",0.035149182528558,86
"British Columbia Coast","1950-2014","MIROC-ES2L","hist_ssp585","AR(1)",0.0108237283090535,23
"Northern California Current","1950-2014","MIROC-ES2L","hist_ssp585","AR(1)",0.0190340733992994,23
"Southern California Current","1950-2014","MIROC-ES2L","hist_ssp585","AR(1)",0.0276974529288766,25
"North Pacific","1950-2014","MIROC6","hist_ssp585","AR(1)",0.12285648146608,4146
"Eastern Bering Sea","1950-2014","MIROC6","hist_ssp585","AR(1)",0.0486920723581905,149
"Gulf of Alaska","1950-2014","MIROC6","hist_ssp585","AR(1)",0.0437912853602674,86
"British Columbia Coast","1950-2014","MIROC6","hist_ssp585","AR(1)",0.00802031616422766,23
"Northern California Current","1950-2014","MIROC6","hist_ssp585","AR(1)",0.0245063522288603,23
"Southern California Current","1950-2014","MIROC6","hist_ssp585","AR(1)",0.0199594463203439,25
"North Pacific","1950-2014","NorESM2-LM","hist_ssp585","AR(1)",0.113079480702084,4193
"Eastern Bering Sea","1950-2014","NorESM2-LM","hist_ssp585","AR(1)",0.0492720296759746,151
"Gulf of Alaska","1950-2014","NorESM2-LM","hist_ssp585","AR(1)",0.0461585377161174,90
"British Columbia Coast","1950-2014","NorESM2-LM","hist_ssp585","AR(1)",0.0140491798978765,29
"Northern California Current","1950-2014","NorESM2-LM","hist_ssp585","AR(1)",0.0235222329129337,24
"Southern California Current","1950-2014","NorESM2-LM","hist_ssp585","AR(1)",0.014695452690615,25
"North Pacific","1950-2014","NorESM2-MM","hist_ssp585","AR(1)",0.122085403252946,4193
"Eastern Bering Sea","1950-2014","NorESM2-MM","hist_ssp585","AR(1)",0.051600354340834,151
"Gulf of Alaska","1950-2014","NorESM2-MM","hist_ssp585","AR(1)",0.0384093352660236,90
"British Columbia Coast","1950-2014","NorESM2-MM","hist_ssp585","AR(1)",0.0151153497790565,29
"Northern California Current","1950-2014","NorESM2-MM","hist_ssp585","AR(1)",0.0195714539934829,24
"Southern California Current","1950-2014","NorESM2-MM","hist_ssp585","AR(1)",0.0156818694825385,25
"North Pacific","1950-2014","UKESM1-0-LL","hist_ssp585","AR(1)",0.117654435163607,4193
"Eastern Bering Sea","1950-2014","UKESM1-0-LL","hist_ssp585","AR(1)",0.0503920014535045,151
"Gulf of Alaska","1950-2014","UKESM1-0-LL","hist_ssp585","AR(1)",0.0451403390488991,90
"British Columbia Coast","1950-2014","UKESM1-0-LL","hist_ssp585","AR(1)",0.015062044177201,29
"Northern California Current","1950-2014","UKESM1-0-LL","hist_ssp585","AR(1)",0.0254420260848738,24
"Southern California Current","1950-2014","UKESM1-0-LL","hist_ssp585","AR(1)",0.013310172468872,25
"North Pacific","1854-1949 vs 1993-2022","ACCESS-CM2","hist_ssp585","SST change",0.157804915727312,4191
"Eastern Bering Sea","1854-1949 vs 1993-2022","ACCESS-CM2","hist_ssp585","SST change",0.190488399116059,151
"Gulf of Alaska","1854-1949 vs 1993-2022","ACCESS-CM2","hist_ssp585","SST change",0.0366845360184675,89
"British Columbia Coast","1854-1949 vs 1993-2022","ACCESS-CM2","hist_ssp585","SST change",0.0185278769395213,29
"Northern California Current","1854-1949 vs 1993-2022","ACCESS-CM2","hist_ssp585","SST change",0.0553730977837509,23
"Southern California Current","1854-1949 vs 1993-2022","ACCESS-CM2","hist_ssp585","SST change",0.024142456480666,25
"North Pacific","1854-1949 vs 1993-2022","ACCESS-ESM1-5","hist_ssp585","SST change",0.158557498751739,4191
"Eastern Bering Sea","1854-1949 vs 1993-2022","ACCESS-ESM1-5","hist_ssp585","SST change",0.234401922790134,151
"Gulf of Alaska","1854-1949 vs 1993-2022","ACCESS-ESM1-5","hist_ssp585","SST change",0.0372090305578524,89
"British Columbia Coast","1854-1949 vs 1993-2022","ACCESS-ESM1-5","hist_ssp585","SST change",0.0212783066468297,29
"Northern California Current","1854-1949 vs 1993-2022","ACCESS-ESM1-5","hist_ssp585","SST change",0.0397304852846994,23
"Southern California Current","1854-1949 vs 1993-2022","ACCESS-ESM1-5","hist_ssp585","SST change",0.0186686596064687,25
"North Pacific","1854-1949 vs 1993-2022","BCC-CSM2-MR","hist_ssp585","SST change",0.145698552198957,4187
"Eastern Bering Sea","1854-1949 vs 1993-2022","BCC-CSM2-MR","hist_ssp585","SST change",0.128441771543089,148
"Gulf of Alaska","1854-1949 vs 1993-2022","BCC-CSM2-MR","hist_ssp585","SST change",0.037642639223692,89
"British Columbia Coast","1854-1949 vs 1993-2022","BCC-CSM2-MR","hist_ssp585","SST change",0.0191951028926326,27
"Northern California Current","1854-1949 vs 1993-2022","BCC-CSM2-MR","hist_ssp585","SST change",0.0315404934540442,24
"Southern California Current","1854-1949 vs 1993-2022","BCC-CSM2-MR","hist_ssp585","SST change",0.0194055412944306,25
"North Pacific","1854-1949 vs 1993-2022","CAMS-CSM1-0","hist_ssp585","SST change",0.156052866329729,4186
"Eastern Bering Sea","1854-1949 vs 1993-2022","CAMS-CSM1-0","hist_ssp585","SST change",0.138291513794294,151
"Gulf of Alaska","1854-1949 vs 1993-2022","CAMS-CSM1-0","hist_ssp585","SST change",0.0389512476344973,89
"British Columbia Coast","1854-1949 vs 1993-2022","CAMS-CSM1-0","hist_ssp585","SST change",0.0184632567294624,28
"Northern California Current","1854-1949 vs 1993-2022","CAMS-CSM1-0","hist_ssp585","SST change",0.0121143123658423,24
"Southern California Current","1854-1949 vs 1993-2022","CAMS-CSM1-0","hist_ssp585","SST change",0.0232748975972241,25
"North Pacific","1854-1949 vs 1993-2022","CanESM5-CanOE","hist_ssp585","SST change",0.158218346424847,4193
"Eastern Bering Sea","1854-1949 vs 1993-2022","CanESM5-CanOE","hist_ssp585","SST change",0.170671067955405,151
"Gulf of Alaska","1854-1949 vs 1993-2022","CanESM5-CanOE","hist_ssp585","SST change",0.0389468891436904,90
"British Columbia Coast","1854-1949 vs 1993-2022","CanESM5-CanOE","hist_ssp585","SST change",0.0214640308869958,29
"Northern California Current","1854-1949 vs 1993-2022","CanESM5-CanOE","hist_ssp585","SST change",0.0364106524370452,24
"Southern California Current","1854-1949 vs 1993-2022","CanESM5-CanOE","hist_ssp585","SST change",0.0221309282094283,25
"North Pacific","1854-1949 vs 1993-2022","CanESM5","hist_ssp585","SST change",0.158994687445915,4193
"Eastern Bering Sea","1854-1949 vs 1993-2022","CanESM5","hist_ssp585","SST change",0.214079972749705,151
"Gulf of Alaska","1854-1949 vs 1993-2022","CanESM5","hist_ssp585","SST change",0.0396415713874857,90
"British Columbia Coast","1854-1949 vs 1993-2022","CanESM5","hist_ssp585","SST change",0.0181211570196682,29
"Northern California Current","1854-1949 vs 1993-2022","CanESM5","hist_ssp585","SST change",0.0309282143727545,24
"Southern California Current","1854-1949 vs 1993-2022","CanESM5","hist_ssp585","SST change",0.0231508827663463,25
"North Pacific","1854-1949 vs 1993-2022","CESM2-WACCM","hist_ssp585","SST change",0.158177994160032,4194
"Eastern Bering Sea","1854-1949 vs 1993-2022","CESM2-WACCM","hist_ssp585","SST change",0.235567561111443,151
"Gulf of Alaska","1854-1949 vs 1993-2022","CESM2-WACCM","hist_ssp585","SST change",0.0289496101345672,90
"British Columbia Coast","1854-1949 vs 1993-2022","CESM2-WACCM","hist_ssp585","SST change",0.0121133495126814,29
"Northern California Current","1854-1949 vs 1993-2022","CESM2-WACCM","hist_ssp585","SST change",0.0425706334389827,24
"Southern California Current","1854-1949 vs 1993-2022","CESM2-WACCM","hist_ssp585","SST change",0.0168999661099442,25
"North Pacific","1854-1949 vs 1993-2022","CESM2","hist_ssp585","SST change",0.159251875500922,4194
"Eastern Bering Sea","1854-1949 vs 1993-2022","CESM2","hist_ssp585","SST change",0.202232701152239,151
"Gulf of Alaska","1854-1949 vs 1993-2022","CESM2","hist_ssp585","SST change",0.0186014944356974,90
"British Columbia Coast","1854-1949 vs 1993-2022","CESM2","hist_ssp585","SST change",0.0176198527994112,29
"Northern California Current","1854-1949 vs 1993-2022","CESM2","hist_ssp585","SST change",0.0486062547602763,24
"Southern California Current","1854-1949 vs 1993-2022","CESM2","hist_ssp585","SST change",0.0183847104659542,25
"North Pacific","1854-1949 vs 1993-2022","CIESM","hist_ssp585","SST change",0.155089410477166,4194
"Eastern Bering Sea","1854-1949 vs 1993-2022","CIESM","hist_ssp585","SST change",0.245292927966138,151
"Gulf of Alaska","1854-1949 vs 1993-2022","CIESM","hist_ssp585","SST change",0.0396296932645311,90
"British Columbia Coast","1854-1949 vs 1993-2022","CIESM","hist_ssp585","SST change",0.0213292596404837,29
"Northern California Current","1854-1949 vs 1993-2022","CIESM","hist_ssp585","SST change",0.040956841765158,24
"Southern California Current","1854-1949 vs 1993-2022","CIESM","hist_ssp585","SST change",0.0204199991636864,25
"North Pacific","1854-1949 vs 1993-2022","CMCC-CM2-SR5","hist_ssp585","SST change",0.157710083786518,4141
"Eastern Bering Sea","1854-1949 vs 1993-2022","CMCC-CM2-SR5","hist_ssp585","SST change",0.235760701396084,151
"Gulf of Alaska","1854-1949 vs 1993-2022","CMCC-CM2-SR5","hist_ssp585","SST change",0.0395996002798134,90
"British Columbia Coast","1854-1949 vs 1993-2022","CMCC-CM2-SR5","hist_ssp585","SST change",0.0213768357837467,29
"Northern California Current","1854-1949 vs 1993-2022","CMCC-CM2-SR5","hist_ssp585","SST change",0.0561153351796863,24
"Southern California Current","1854-1949 vs 1993-2022","CMCC-CM2-SR5","hist_ssp585","SST change",0.021778514363446,25
"North Pacific","1854-1949 vs 1993-2022","CMCC-ESM2","hist_ssp585","SST change",0.153315948263995,4141
"Eastern Bering Sea","1854-1949 vs 1993-2022","CMCC-ESM2","hist_ssp585","SST change",0.24427512497384,151
"Gulf of Alaska","1854-1949 vs 1993-2022","CMCC-ESM2","hist_ssp585","SST change",0.0373679285821627,90
"British Columbia Coast","1854-1949 vs 1993-2022","CMCC-ESM2","hist_ssp585","SST change",0.016593511067397,29
"Northern California Current","1854-1949 vs 1993-2022","CMCC-ESM2","hist_ssp585","SST change",0.0293035263117132,24
"Southern California Current","1854-1949 vs 1993-2022","CMCC-ESM2","hist_ssp585","SST change",0.0169802942643413,25
"North Pacific","1854-1949 vs 1993-2022","CNRM-CM6-1","hist_ssp585","SST change",0.158818993207024,4193
"Eastern Bering Sea","1854-1949 vs 1993-2022","CNRM-CM6-1","hist_ssp585","SST change",0.186544623411662,151
"Gulf of Alaska","1854-1949 vs 1993-2022","CNRM-CM6-1","hist_ssp585","SST change",0.0390936073030635,90
"British Columbia Coast","1854-1949 vs 1993-2022","CNRM-CM6-1","hist_ssp585","SST change",0.0196161732619008,29
"Northern California Current","1854-1949 vs 1993-2022","CNRM-CM6-1","hist_ssp585","SST change",0.036234312758978,24
"Southern California Current","1854-1949 vs 1993-2022","CNRM-CM6-1","hist_ssp585","SST change",0.0222092616540465,25
"North Pacific","1854-1949 vs 1993-2022","EC-Earth3-CC","hist_ssp585","SST change",0.159386087404652,4196
"Eastern Bering Sea","1854-1949 vs 1993-2022","EC-Earth3-CC","hist_ssp585","SST change",0.244709733468383,151
"Gulf of Alaska","1854-1949 vs 1993-2022","EC-Earth3-CC","hist_ssp585","SST change",0.0395778386778787,90
"British Columbia Coast","1854-1949 vs 1993-2022","EC-Earth3-CC","hist_ssp585","SST change",0.0217734960324515,30
"Northern California Current","1854-1949 vs 1993-2022","EC-Earth3-CC","hist_ssp585","SST change",0.0563356035599912,24
"Southern California Current","1854-1949 vs 1993-2022","EC-Earth3-CC","hist_ssp585","SST change",0.0235585133219848,25
"North Pacific","1854-1949 vs 1993-2022","GISS-E2-1-G","hist_ssp585","SST change",0.152821703604194,4196
"Eastern Bering Sea","1854-1949 vs 1993-2022","GISS-E2-1-G","hist_ssp585","SST change",0.200121047899987,151
"Gulf of Alaska","1854-1949 vs 1993-2022","GISS-E2-1-G","hist_ssp585","SST change",0.0393408659886822,90
"British Columbia Coast","1854-1949 vs 1993-2022","GISS-E2-1-G","hist_ssp585","SST change",0.0154108585619245,30
"Northern California Current","1854-1949 vs 1993-2022","GISS-E2-1-G","hist_ssp585","SST change",0.0253729528249486,24
"Southern California Current","1854-1949 vs 1993-2022","GISS-E2-1-G","hist_ssp585","SST change",0.0198922662280774,25
"North Pacific","1854-1949 vs 1993-2022","HadGEM3-GC31-LL","hist_ssp585","SST change",0.143398669034809,4193
"Eastern Bering Sea","1854-1949 vs 1993-2022","HadGEM3-GC31-LL","hist_ssp585","SST change",0.224636110615861,151
"Gulf of Alaska","1854-1949 vs 1993-2022","HadGEM3-GC31-LL","hist_ssp585","SST change",0.0264787193593612,90
"British Columbia Coast","1854-1949 vs 1993-2022","HadGEM3-GC31-LL","hist_ssp585","SST change",0.0175223407087191,29
"Northern California Current","1854-1949 vs 1993-2022","HadGEM3-GC31-LL","hist_ssp585","SST change",0.0480961808526843,24
"Southern California Current","1854-1949 vs 1993-2022","HadGEM3-GC31-LL","hist_ssp585","SST change",0.0233447439064403,25
"North Pacific","1854-1949 vs 1993-2022","HadGEM3-GC31-MM","hist_ssp585","SST change",0.159019160040383,4194
"Eastern Bering Sea","1854-1949 vs 1993-2022","HadGEM3-GC31-MM","hist_ssp585","SST change",0.240173011686356,150
"Gulf of Alaska","1854-1949 vs 1993-2022","HadGEM3-GC31-MM","hist_ssp585","SST change",0.0285933027108549,90
"British Columbia Coast","1854-1949 vs 1993-2022","HadGEM3-GC31-MM","hist_ssp585","SST change",0.0217755022917694,30
"Northern California Current","1854-1949 vs 1993-2022","HadGEM3-GC31-MM","hist_ssp585","SST change",0.0565546920234962,24
"Southern California Current","1854-1949 vs 1993-2022","HadGEM3-GC31-MM","hist_ssp585","SST change",0.024126522327424,25
"North Pacific","1854-1949 vs 1993-2022","INM-CM4-8","hist_ssp585","SST change",0.155218864603268,4177
"Eastern Bering Sea","1854-1949 vs 1993-2022","INM-CM4-8","hist_ssp585","SST change",0.145772418814428,151
"Gulf of Alaska","1854-1949 vs 1993-2022","INM-CM4-8","hist_ssp585","SST change",0.0370173760237635,89
"British Columbia Coast","1854-1949 vs 1993-2022","INM-CM4-8","hist_ssp585","SST change",0.0202750057735936,29
"Northern California Current","1854-1949 vs 1993-2022","INM-CM4-8","hist_ssp585","SST change",0.0549692045665945,21
"Southern California Current","1854-1949 vs 1993-2022","INM-CM4-8","hist_ssp585","SST change",0.0216862549822037,24
"North Pacific","1854-1949 vs 1993-2022","INM-CM5-0","hist_ssp585","SST change",0.152106417400176,4182
"Eastern Bering Sea","1854-1949 vs 1993-2022","INM-CM5-0","hist_ssp585","SST change",0.153006093127326,151
"Gulf of Alaska","1854-1949 vs 1993-2022","INM-CM5-0","hist_ssp585","SST change",0.0389800712198366,89
"British Columbia Coast","1854-1949 vs 1993-2022","INM-CM5-0","hist_ssp585","SST change",0.0174599097010453,28
"Northern California Current","1854-1949 vs 1993-2022","INM-CM5-0","hist_ssp585","SST change",0.0152593851451555,22
"Southern California Current","1854-1949 vs 1993-2022","INM-CM5-0","hist_ssp585","SST change",0.0188433091933183,25
"North Pacific","1854-1949 vs 1993-2022","MIROC-ES2L","hist_ssp585","SST change",0.15729244131046,4146
"Eastern Bering Sea","1854-1949 vs 1993-2022","MIROC-ES2L","hist_ssp585","SST change",0.179381263702111,149
"Gulf of Alaska","1854-1949 vs 1993-2022","MIROC-ES2L","hist_ssp585","SST change",0.0352592259007187,86
"British Columbia Coast","1854-1949 vs 1993-2022","MIROC-ES2L","hist_ssp585","SST change",0.0162275890749686,23
"Northern California Current","1854-1949 vs 1993-2022","MIROC-ES2L","hist_ssp585","SST change",0.0553995031138734,23
"Southern California Current","1854-1949 vs 1993-2022","MIROC-ES2L","hist_ssp585","SST change",0.0178298960167242,25
"North Pacific","1854-1949 vs 1993-2022","MIROC6","hist_ssp585","SST change",0.141466900991011,4146
"Eastern Bering Sea","1854-1949 vs 1993-2022","MIROC6","hist_ssp585","SST change",0.187510881049041,149
"Gulf of Alaska","1854-1949 vs 1993-2022","MIROC6","hist_ssp585","SST change",0.0344394721134892,86
"British Columbia Coast","1854-1949 vs 1993-2022","MIROC6","hist_ssp585","SST change",0.0150156706173919,23
"Northern California Current","1854-1949 vs 1993-2022","MIROC6","hist_ssp585","SST change",0.0505510514609724,23
"Southern California Current","1854-1949 vs 1993-2022","MIROC6","hist_ssp585","SST change",0.0188201936197905,25
"North Pacific","1854-1949 vs 1993-2022","NorESM2-LM","hist_ssp585","SST change",0.158857130773135,4193
"Eastern Bering Sea","1854-1949 vs 1993-2022","NorESM2-LM","hist_ssp585","SST change",0.178154392386433,151
"Gulf of Alaska","1854-1949 vs 1993-2022","NorESM2-LM","hist_ssp585","SST change",0.0339945530629514,90
"British Columbia Coast","1854-1949 vs 1993-2022","NorESM2-LM","hist_ssp585","SST change",0.0211213946847853,29
"Northern California Current","1854-1949 vs 1993-2022","NorESM2-LM","hist_ssp585","SST change",0.0249146977796135,24
"Southern California Current","1854-1949 vs 1993-2022","NorESM2-LM","hist_ssp585","SST change",0.0202537732925667,25
"North Pacific","1854-1949 vs 1993-2022","NorESM2-MM","hist_ssp585","SST change",0.158091276546487,4193
"Eastern Bering Sea","1854-1949 vs 1993-2022","NorESM2-MM","hist_ssp585","SST change",0.194065561618613,151
"Gulf of Alaska","1854-1949 vs 1993-2022","NorESM2-MM","hist_ssp585","SST change",0.0313461330671202,90
"British Columbia Coast","1854-1949 vs 1993-2022","NorESM2-MM","hist_ssp585","SST change",0.0198894078725184,29
"Northern California Current","1854-1949 vs 1993-2022","NorESM2-MM","hist_ssp585","SST change",0.0564621915961778,24
"Southern California Current","1854-1949 vs 1993-2022","NorESM2-MM","hist_ssp585","SST change",0.0162739054076912,25
"North Pacific","1854-1949 vs 1993-2022","UKESM1-0-LL","hist_ssp585","SST change",0.156043630629627,4193
"Eastern Bering Sea","1854-1949 vs 1993-2022","UKESM1-0-LL","hist_ssp585","SST change",0.2026334049411,151
"Gulf of Alaska","1854-1949 vs 1993-2022","UKESM1-0-LL","hist_ssp585","SST change",0.0390633405095059,90
"British Columbia Coast","1854-1949 vs 1993-2022","UKESM1-0-LL","hist_ssp585","SST change",0.0197978293671751,29
"Northern California Current","1854-1949 vs 1993-2022","UKESM1-0-LL","hist_ssp585","SST change",0.0202572260826772,24
"Southern California Current","1854-1949 vs 1993-2022","UKESM1-0-LL","hist_ssp585","SST change",0.0174580929468424,25
